omega_deg_s,drone_v_ms@150m,med_acc50,med_acc75,med_acc100,med_acc150,med_acc200,med_acc250,med_acc300,med_acc400,on_acc50,on_acc75,on_acc100,on_acc150,on_acc200,on_acc250,on_acc300,on_acc400
5.0,13,0.36,0.27,0.22,0.18,0.16,0.15,0.14,0.13,100,100,100,100,100,100,100,100
10.0,26,0.59,0.42,0.34,0.26,0.22,0.20,0.18,0.17,80,100,100,100,100,100,100,100
15.0,39,1.43,1.00,0.80,0.59,0.48,0.42,0.38,0.32,40,50,60,100,100,100,100,100
20.0,52,2.35,1.62,1.25,0.90,0.72,0.62,0.55,0.48,25,35,35,60,60,85,100,100
25.0,65,3.15,2.23,1.79,1.39,1.10,0.93,0.81,0.67,15,25,30,40,45,55,65,80
30.0,79,5.79,3.51,2.72,1.94,1.52,1.27,1.10,0.88,10,20,30,35,40,45,50,55
35.0,92,7.37,5.04,3.72,2.27,1.68,1.48,1.33,1.13,0,10,10,30,30,30,45,45
40.0,105,11.26,7.53,4.54,3.12,2.46,2.06,1.78,1.43,0,15,25,25,25,25,25,30
45.0,118,12.37,7.80,6.99,3.82,3.27,2.86,2.36,1.74,0,0,15,15,15,30,30,30
50.0,131,16.17,10.41,7.41,4.62,3.25,2.66,2.26,1.85,0,5,5,10,20,25,25,35
60.0,157,16.78,17.39,11.85,8.73,5.58,4.44,3.78,3.00,5,0,0,10,5,10,15,15
