omega,v_ms,med_lat0,med_lat25,med_lat50,med_lat75,med_lat100,med_lat150,med_lat200,med_lat300,on_lat0,on_lat25,on_lat50,on_lat75,on_lat100,on_lat150,on_lat200,on_lat300
5.0,13,0.54,0.57,0.60,0.64,0.68,0.79,0.92,1.24,96,94,92,88,83,69,59,38
10.0,26,0.81,0.85,0.91,0.96,1.02,1.15,1.32,1.71,78,74,67,59,49,31,21,12
15.0,39,1.28,1.34,1.42,1.51,1.61,1.80,2.02,2.61,33,28,23,19,14,6,2,0
20.0,52,1.68,1.78,1.93,2.10,2.28,2.63,3.05,4.04,27,25,22,20,18,15,11,8
25.0,65,2.34,2.51,2.74,2.98,3.25,3.85,4.47,5.98,19,15,12,11,9,6,4,2
30.0,79,3.56,3.79,4.07,4.34,4.68,5.49,6.40,8.51,11,9,7,6,5,4,3,2
35.0,92,4.90,5.29,5.73,6.24,6.79,7.90,9.10,12.20,7,6,5,5,4,3,2,1
40.0,105,6.44,6.96,7.49,8.10,8.74,10.28,11.99,15.82,6,5,5,4,4,3,2,1
45.0,118,7.44,8.08,8.72,9.54,10.38,12.15,14.27,18.83,4,4,3,3,2,2,1,1
50.0,131,9.69,10.45,11.46,12.18,13.76,16.10,17.93,24.53,4,3,3,3,2,1,1,1
60.0,157,13.78,15.10,16.86,18.11,20.12,22.79,24.82,30.02,2,2,2,1,1,1,1,0
