timestamp_utc,err_pan,err_tilt,error_deg,last_delta_pan,last_delta_tilt,dt_send,d_pan,d_tilt,current_pan_deg,current_tilt_deg,action_pan,action_tilt,next_err_pan,next_err_tilt,next_error_deg,use_model
2026-02-15T09:48:07.041,0.1865690999648013,0.04475108791859039,0.19186111886355045,0.08286642778811888,0.05597459375141976,0.6131172180175781,-0.004461456532642966,-0.13556994115575097,15.237992069567925,7.395334497729711,0.09724174500279405,0.023324729983679956,0.08932735496200728,0.0214263579349101,0.09186111886355038,0
2026-02-15T09:48:07.121,0.18436176258274983,0.03249776382575842,0.1872040708860066,0.09724174500279405,0.023324729983679956,0.08011555671691895,-0.027551919658386746,-0.15294562747816862,15.335233814570719,7.418659227713391,0.09848170593203204,0.01735953906982458,0.0858800566507174,0.015138224755934182,0.08720407088600629,0
2026-02-15T09:48:07.217,0.18167427510968537,0.0198552811431858,0.18275605168066145,0.09848170593203204,0.01735953906982458,0.09561467170715332,-0.02810748000365098,-0.13222325043685512,15.433715520502751,7.436018766783215,0.09940807619718865,0.010864363155470168,0.08226619891249598,0.008990917987715896,0.08275605168066072,0
2026-02-15T09:48:07.297,0.17752280088100214,0.0032578902218070027,0.17755269268961618,0.09940807619718865,0.010864363155470168,0.07969522476196289,-0.05209188180449993,-0.20826079568697614,15.53312359669994,7.446883129938685,0.09998316454222055,0.0018348864060891451,0.07753963633878236,0.0014230038157174718,0.07755269268961694,0
2026-02-15T09:48:07.376,0.17389741702663564,-0.009341949775432568,0.17414816586499648,0.09998316454222055,0.0018348864060891451,0.07973814010620117,-0.04546612009683131,-0.15801522308468907,15.63310676124216,7.448718016344775,0.09985601408024289,-0.00536436874257674,0.07404140294639205,-0.003977581032855504,0.07414816586499579,0
2026-02-15T09:48:07.472,0.1704049575020985,-0.020302415760253822,0.17161013264663075,0.09985601408024289,-0.00536436874257674,0.09597468376159668,-0.03638938298783551,-0.11420163688215222,15.732962775322404,7.443353647602198,0.0992977249501847,-0.011830546044771923,0.07110723255191331,-0.008471869715481972,0.07161013264663026,0
2026-02-15T09:48:07.552,0.16519998595277663,-0.03502767268965812,0.16887265383374367,0.0992977249501847,-0.011830546044771923,0.07965254783630371,-0.06534595177066725,-0.18486862416085675,15.83226050027259,7.431523101557426,0.09782518495588825,-0.020742063261552764,0.06737480099688753,-0.014285609428105417,0.06887265383374283,0
2026-02-15T09:48:07.654,0.15883330488676783,-0.05104683808357269,0.16683464394298755,0.09782518495588825,-0.020742063261552764,0.10186195373535156,-0.06250303310056397,-0.15726348068616575,15.930085685228478,7.410781038295873,0.09520403024988383,-0.03059726497873963,0.0636292746368845,-0.020449573104833085,0.06683464394298803,0
2026-02-15T09:48:07.750,0.15356513207509437,-0.06300733813252446,0.16598847685242324,0.09520403024988383,-0.03059726497873963,0.09586071968078613,-0.0549565330744058,-0.12476956243161899,16.025289715478362,7.380183773317134,0.0925155378174991,-0.03795886276403568,0.061049594257596596,-0.025048475368488532,0.06598847685242437,0
2026-02-15T09:48:07.830,0.1467672983497721,-0.07704436209608367,0.16576028956201624,0.0925155378174991,-0.03795886276403568,0.0798954963684082,-0.0850840664907645,-0.17569230559420682,16.11780525329586,7.342224910553098,0.08854189307799305,-0.04647938435656443,0.05822540527178077,-0.030564977739519605,0.06576028956201793,0
2026-02-15T09:48:07.910,0.14056992101832577,-0.0886894618419225,0.16620987737468604,0.08854189307799305,-0.04647938435656443,0.0797114372253418,-0.07774765513167856,-0.14609070104856453,16.20634714637385,7.295745526196534,0.08457374690280275,-0.0533599225526112,0.055996174115524155,-0.03532953928931093,0.0662098773746868,0
2026-02-15T09:48:08.006,0.1345804921925584,-0.09904691074885541,0.1670993698602212,0.08457374690280275,-0.0533599225526112,0.09625768661499023,-0.062222862780026825,-0.107601265635652,16.290920893276652,7.242385603643922,0.08053919790669178,-0.059274257486254,0.05404129428586657,-0.03977265326260149,0.06709936986022119,0
2026-02-15T09:48:08.085,0.12608266651131927,-0.1124235119016106,0.16892567839998787,0.08053919790669178,-0.059274257486254,0.07949113845825195,-0.10690280509320065,-0.16827789124922973,16.371460091183344,7.183111346157668,0.07463795185287136,-0.06655205589017109,0.05144471465844802,-0.04587145601143927,0.0689256783999878,0
2026-02-15T09:48:08.165,0.11924176164722766,-0.12219539805795598,0.17073462749915896,0.07463795185287136,-0.06655205589017109,0.07971525192260742,-0.0858167627787615,-0.12258489963542422,16.446098043036216,7.116559290267497,0.0698404087055012,-0.07157036615701048,0.04940135294172521,-0.05062503190094514,0.07073462749915783,0
2026-02-15T09:48:08.261,0.11207647015244859,-0.13157548716609746,0.17283878032672118,0.0698404087055012,-0.07157036615701048,0.09610152244567871,-0.07455960438950635,-0.09760604066853948,16.515938451741718,7.044988924110486,0.06484451576236991,-0.07612613726929643,0.0472319543900781,-0.055449349896800726,0.07283878032672055,0
2026-02-15T09:48:08.357,0.1011059728724284,-0.14440354854343518,0.17628046568583958,0.06484451576236991,-0.07612613726929643,0.09546685218811035,-0.11491420350179396,-0.1343718901725279,16.58078296750409,6.968862786841189,0.057355176864925965,-0.08191693162462242,0.04375079600750098,-0.06248661691881274,0.07628046568583872,0
2026-02-15T09:48:08.436,0.09353974174984359,-0.15226117589966215,0.1786984862078448,0.057355176864925965,-0.08191693162462242,0.07983589172363281,-0.09477230051837793,-0.0984222407564213,16.638138144369016,6.886945855216567,0.05234501071321176,-0.08520563275648943,0.04119473103663296,-0.06705554314317297,0.07869848620784559,0
2026-02-15T09:48:08.532,0.08592679169895945,-0.15941193274226517,0.18109549368303132,0.05234501071321176,-0.08520563275648943,0.0959012508392334,-0.07938321955410475,-0.07456374948216665,16.690483155082227,6.801740222460078,0.04744833234191669,-0.0880264491955175,0.038478459357044414,-0.07138548354674779,0.08109549368303222,0
2026-02-15T09:48:08.612,0.07530779622679162,-0.16819810174379768,0.18428745373126432,0.04744833234191669,-0.0880264491955175,0.07984113693237305,-0.1330015563425946,-0.11004563986826187,16.73793148742414,6.71371377326456,0.040864309914775104,-0.09126942628936162,0.03444348631201777,-0.07692867545443605,0.08428745373126481,0
2026-02-15T09:48:08.692,0.06723208314052798,-0.17400299701987887,0.18654006533534515,0.040864309914775104,-0.09126942628936162,0.07984590530395508,-0.10114123016729858,-0.07270122686922119,16.778795797338915,6.622444346975199,0.03604163160319695,-0.09327915518152724,0.031190451537330688,-0.0807238418383518,0.08654006533534517,0
2026-02-15T09:48:08.788,0.05855623594679216,-0.17943492117945414,0.18874777801853276,0.03604163160319695,-0.09327915518152724,0.09604215621948242,-0.09033374025786292,-0.056557707296386095,16.814837428942113,6.5291651917936715,0.031023536574318052,-0.09506597802800933,0.027532699372475378,-0.0843689431514445,0.08874777801853283,0
2026-02-15T09:48:08.868,0.04782075889452031,-0.18504825861663043,0.19112739991507022,0.031023536574318052,-0.09506597802800933,0.07972407341003418,-0.13465790937522099,-0.07040956635903389,16.84586096551643,6.434099213765662,0.025020357581262576,-0.09681932506739425,0.022800401313258334,-0.08822893354923611,0.0911273999150703,0
2026-02-15T09:48:08.948,0.03908861529608387,-0.1887400947838227,0.19274528068093294,0.025020357581262576,-0.09681932506739425,0.07969522476196289,-0.1095692197935068,-0.04632443384430119,16.87088132309769,6.3372798886982675,0.020279933785144377,-0.09792203166637303,0.018808681510940062,-0.09081806311744955,0.09274528068093292,0
2026-02-15T09:48:09.060,0.02808783987708452,-0.19230663116463376,0.19434702760487804,0.020279933785144377,-0.09792203166637303,0.1120917797088623,-0.09814078648382456,-0.03181800119575653,16.891161256882835,6.239357857031894,0.01445241546692918,-0.09895012727213273,0.013635424410153973,-0.09335650389250105,0.09434702760487787,0
2026-02-15T09:48:09.140,0.017084446860614833,-0.19469012781616346,0.19543828743009195,0.01445241546692918,-0.09895012727213273,0.07983946800231934,-0.13781896713227146,-0.02985361389758338,16.905613672349766,6.140407729759762,0.008741606921175014,-0.09961718882018136,0.008342839939441404,-0.09507293899598235,0.09543828743009233,0
2026-02-15T09:48:09.219,0.00791247761192082,-0.19578546702162036,0.1959452892999297,0.008741606921175014,-0.09961718882018136,0.07954764366149902,-0.11530158313329443,-0.013769599639153677,16.91435527927094,6.040790540939581,0.004038105554969145,-0.09991843525359537,0.003874372056952069,-0.0958670317680248,0.0959452892999295,0
2026-02-15T09:48:09.315,-0.0008656796037236347,-0.19608055514771383,0.19608246609070365,0.004038105554969145,-0.09991843525359537,0.09587883949279785,-0.09155468779223017,-0.0030777190009233903,16.918393384825908,5.940872105685985,-0.00044148751338285875,-0.0999990254391288,-0.00042419209034250116,-0.0960815297085853,0.09608246609070392,0
2026-02-15T09:48:09.395,-0.012294266679873544,-0.195362763358208,0.1957492229873494,-0.00044148751338285875,-0.0999990254391288,0.0802762508392334,-0.14236573029596966,0.008941521085025697,16.917951897312527,5.8408730802468565,-0.006280620935424138,-0.099802574118434,-0.006013645744449292,-0.09556018923977394,0.09574922298734931,0
2026-02-15T09:48:09.475,-0.02144339386270744,-0.1938861637819791,0.1950683563432153,-0.006280620935424138,-0.099802574118434,0.0794064998626709,-0.11521886997483578,0.018595449727448223,16.911671276377103,5.741070506128422,-0.010992758776814939,-0.09939395984905097,-0.010450635085891946,-0.09449220393292812,0.09506835634321524,0
2026-02-15T09:48:09.570,-0.03010632268304647,-0.1917415661910553,0.19409074906057364,-0.010992758776814939,-0.09939395984905097,0.09564328193664551,-0.09057540315353661,0.02242287746194626,16.900678517600287,5.641676546279371,-0.015511467099161236,-0.09878964717232085,-0.014594855583883515,-0.09295191901873423,0.09409074906057312,0
2026-02-15T09:48:09.651,-0.04124150884741695,-0.18790142036613755,0.1923741298294121,-0.015511467099161236,-0.09878964717232085,0.08019757270812988,-0.13884692252340042,0.04788356673703261,16.885167050501124,5.54288689910705,-0.021438178243606814,-0.09767499431070034,-0.019803330603810565,-0.09022642605543751,0.09237412982941248,0
2026-02-15T09:48:09.746,-0.05199523404060713,-0.18300832780306475,0.19025128753364987,-0.021438178243606814,-0.09767499431070034,0.09572792053222656,-0.1123363500784493,0.05111458115739129,16.863728872257518,5.44521190479635,-0.02732976723293434,-0.09619295100470528,-0.02466546680767223,-0.08681537679835927,0.0902512875336495,0
2026-02-15T09:48:09.842,-0.06048570105218687,-0.17829728709759696,0.18827756801631318,-0.02732976723293434,-0.09619295100470528,0.0959022045135498,-0.08853255307994656,0.049123382818610624,16.836399105024583,5.349018953791645,-0.03212581386591212,-0.0946991662236409,-0.028359887186276467,-0.08359812087395646,0.0882775680163141,0
2026-02-15T09:48:09.922,-0.07149898697928947,-0.1710277725971885,0.1853715300110031,-0.03212581386591212,-0.0946991662236409,0.07988262176513672,-0.1378683583956823,0.0910024525957799,16.804273291158673,5.254319787568004,-0.03857064079637553,-0.09226215729407682,-0.032928346182913515,-0.07876561530311132,0.08537153001100262,0
2026-02-15T09:48:10.008,-0.07916979216794573,-0.1651577993702471,0.1831528178454771,-0.03857064079637553,-0.09226215729407682,0.08540678024291992,-0.08981494404587576,0.06872959278227789,16.765702650362297,5.162057630273927,-0.04322608469761024,-0.09017486125143208,-0.035943707470334374,-0.07498293811881496,0.08315281784547655,0
2026-02-15T09:48:10.103,-0.08798656268151106,-0.15754946554400018,0.1804535100952807,-0.04322608469761024,-0.09017486125143208,0.09499406814575195,-0.0928139060224005,0.08009272552232688,16.722476565664685,5.071882769022495,-0.048758576452768106,-0.08730750954127352,-0.039227986228741685,-0.07024195600272698,0.08045351009528037,0
2026-02-15T09:48:10.182,-0.09779674856963183,-0.14793530386898635,0.1773388230523737,-0.048758576452768106,-0.08730750954127352,0.07992982864379883,-0.12273497960115884,0.12028252578719528,16.673717989211916,4.984575259481222,-0.05514683524247221,-0.08341958141071933,-0.042649913327160505,-0.06451572245826664,0.07733882305237386,0
2026-02-15T09:48:10.262,-0.10539867850376794,-0.13959399946738316,0.1749153112727425,-0.05514683524247221,-0.08341958141071933,0.07998466491699219,-0.09504234270438422,0.10428629550751718,16.618571153969445,4.901155678070502,-0.06025697678313681,-0.07980662095939478,-0.04514170172063103,-0.05978737850798854,0.07491531127274259,0
2026-02-15T09:48:10.358,-0.11275694327788699,-0.13072018645657746,0.17263225482109362,-0.06025697678313681,-0.07980662095939478,0.09592294692993164,-0.07671016174569788,0.09250980390841941,16.558314177186308,4.8213490571111075,-0.06531626629956375,-0.0757217627679419,-0.047440676978322216,-0.05499842368863561,0.07263225482109299,0
2026-02-15T09:48:10.454,-0.12375230232334644,-0.11584668486724858,0.16951426702511072,-0.06531626629956375,-0.0757217627679419,0.09579324722290039,-0.11478219357022584,0.15526670219999814,16.492997910886743,4.745627294343166,-0.07300406301790198,-0.06834037447130503,-0.05074823930544525,-0.047506310395943885,0.0695142670251115,0
2026-02-15T09:48:10.534,-0.12983661327728768,-0.10669305867026946,0.1680504534826774,-0.07300406301790198,-0.06834037447130503,0.0797128677368164,-0.07632783923957517,0.11483247883141214,16.41999384786884,4.677286919871861,-0.07726049563482507,-0.06348870619457589,-0.05257611764246306,-0.04320435247569332,0.06805045348267756,0
2026-02-15T09:48:10.630,-0.13675864997172127,-0.09537516194379059,0.16673137034731064,-0.07726049563482507,-0.06348870619457589,0.09598350524902344,-0.07211694005626049,0.11791501776388837,16.342733352234017,4.613798213677285,-0.08202334670844812,-0.057202889741215984,-0.054735303263274915,-0.038172272202574575,0.06673137034731208,0
2026-02-15T09:48:10.709,-0.14434740444857752,-0.08171210575794241,0.1658705561527976,-0.08202334670844812,-0.057202889741215984,0.07945704460144043,-0.09550763579141075,0.1719552527328771,16.26071000552557,4.556595323936069,-0.08702412760683502,-0.04926257417420749,-0.057323276841742654,-0.03244953158373498,0.06587055615279777,0
2026-02-15T09:48:10.805,-0.15199127703534998,-0.06638735510202842,0.16585725553101174,-0.08702412760683502,-0.04926257417420749,0.09587407112121582,-0.07972825704989761,0.15984249418738616,16.173685877918736,4.507332749761861,-0.0916398119266666,-0.040026801896294144,-0.06035146510868472,-0.02636055320573405,0.06585725553101286,0
2026-02-15T09:48:10.901,-0.15603046121244724,-0.05753981368692429,0.16630193921086717,-0.0916398119266666,-0.040026801896294144,0.09598898887634277,-0.042079661681827994,0.09217246184874311,16.08204606599207,4.467305947865567,-0.09382359697838766,-0.03459960476706474,-0.06220686423406008,-0.022940208919859373,0.06630193921086756,0
2026-02-15T09:48:10.981,-0.16240381929955916,-0.04229972981433949,0.1678221310359572,-0.09382359697838766,-0.03459960476706474,0.07966470718383789,-0.08000227845442869,0.19130282921163683,15.988222469013683,4.432706343098502,-0.09677139617823284,-0.025205096344102826,-0.06563242312132544,-0.01709463347023643,0.06782213103595627,0
2026-02-15T09:48:11.061,-0.16684219034644876,-0.03056171181151779,0.16961820276270737,-0.09677139617823284,-0.025205096344102826,0.07998132705688477,-0.05549259071099079,0.146759480428142,15.89145107283545,4.407501246754399,-0.09836337588121825,-0.018017943424546858,-0.06847881446523019,-0.01254376838697091,0.06961820276270704,0
2026-02-15T09:48:11.173,-0.17202676983586151,-0.01533684528254664,0.17270908593175185,-0.09836337588121825,-0.018017943424546858,0.11175799369812012,-0.046391128883516854,0.13623067151774795,15.793087696954231,4.389483303329852,-0.09960493329449965,-0.008880161225916734,-0.0724218365413627,-0.006456684056630024,0.0727090859317527,0
2026-02-15T09:48:11.252,-0.1767164380952444,0.0003278310341618962,0.17671674217871183,-0.09960493329449965,-0.008880161225916734,0.07962846755981445,-0.05889436784476795,0.1967220618046142,15.693482763659732,4.3806031421039355,-0.09999982792605631,0.00018551215358551825,-0.0767166101691874,0.00014231888057647524,0.07671674217871113,0
2026-02-15T09:48:11.332,-0.17993899481599662,0.012570050637092045,0.1803775153072309,-0.09999982792605631,0.00018551215358551825,0.07991194725036621,-0.04032634457843793,0.15319636204802964,15.593482935733675,4.380788654257521,-0.09975688738671926,0.006968745863741335,-0.08018210742927678,0.005601304773350968,0.08037751530723033,0
2026-02-15T09:48:11.428,-0.1826903288602555,0.024411539688599326,0.18431407848842246,-0.09975688738671926,0.006968745863741335,0.095733642578125,-0.02873946890732375,0.12369203482301262,15.493726048346955,4.387757400121262,-0.09911903114429267,0.013244533401246783,-0.08357129771596306,0.011167006287352343,0.08431407848842266,0
2026-02-15T09:48:11.508,-0.18566482829445086,0.03946161928053726,0.18981213834170352,-0.09911903114429267,0.013244533401246783,0.07985186576843262,-0.03725021833329858,0.18847498987165306,15.394607017202663,4.401001933522509,-0.09781504487358622,0.02078982915702561,-0.08784978342086447,0.018671790123511833,0.08981213834170339,0
2026-02-15T09:48:11.588,-0.1875925149430202,0.05135348302028575,0.19449455488769354,-0.09781504487358622,0.02078982915702561,0.07992959022521973,-0.024117309286056078,0.14877924065718925,15.296791972329077,4.421791762679534,-0.0964512939970691,0.02640355821269066,-0.09114122094595167,0.02494992480759528,0.09449455488769413,0
2026-02-15T09:48:11.684,-0.1891423230666991,0.0633320021876349,0.19946368310086465,-0.0964512939970691,0.02640355821269066,0.09574437141418457,-0.016186937161815046,0.12510938231064028,15.200340678332008,4.448195320892225,-0.09482544397370511,0.03175114447054968,-0.09431687909299313,0.031580857717084854,0.09946368310086372,0
2026-02-15T09:48:11.770,-0.19041221803726138,0.07712908587062195,0.20544028004533907,-0.09482544397370511,0.03175114447054968,0.08601093292236328,-0.014764343641157177,0.16041081307001764,15.105515234358302,4.479946465362775,-0.09268494863579767,0.03754331227235485,-0.0977272694014637,0.03958577359826698,0.10544028004533901,0
2026-02-15T09:48:11.866,-0.19112281449294244,0.09258503710589139,0.21236741585187444,-0.09268494863579767,0.03754331227235485,0.09594559669494629,-0.007406243539662985,0.16109078235670135,15.012830285722504,4.51748977763513,-0.08999629897377946,0.04359663027141092,-0.1011265155191623,0.04898840683448036,0.11236741585187378,0
2026-02-15T09:48:11.961,-0.19112873101747851,0.10310338895591453,0.21716468551434934,-0.08999629897377946,0.04359663027141092,0.0958402156829834,-6.173321391143769e-05,0.10974883325404178,14.922833986748724,4.561086407906541,-0.08801096300017414,0.0474770512119485,-0.1031177680173041,0.0556263377439663,0.11716468551434922,0
2026-02-15T09:48:12.041,-0.1905413671282954,0.11589966700185617,0.22302184959833193,-0.08801096300017414,0.0474770512119485,0.07979822158813477,0.007360613776766911,0.16035793519293565,14.83482302374855,4.608563459118489,-0.08543618819028956,0.05196785302004913,-0.10510517893800575,0.06393181398180747,0.1230218495983321,0
2026-02-15T09:48:12.121,-0.18956324840858585,0.12586765631406216,0.22754536262734537,-0.08543618819028956,0.05196785302004913,0.07976531982421875,0.012262455937806704,0.1249664557751759,14.74938683555826,4.660531312138538,-0.08330789352057091,0.055315412654749464,-0.10625535488801496,0.07055224365931245,0.12754536262734525,0
2026-02-15T09:48:12.217,-0.18819881878738443,0.1349824194348157,0.23160105558792965,-0.08330789352057091,0.055315412654749464,0.0959022045135498,0.0142273019491293,0.09504226901755673,14.66607894203769,4.715846724793288,-0.08125991408356638,0.058282298883378054,-0.10693890470381717,0.07670012055143793,0.1316010555879291,0
2026-02-15T09:48:12.297,-0.1858658643662725,0.1458333082272265,0.23624875306574394,-0.08125991408356638,0.058282298883378054,0.07960700988769531,0.02930589183544402,0.13630569478389623,14.584819027954122,4.774129023676665,-0.0786737969848879,0.06172871024070279,-0.10719206738138531,0.08410459798652337,0.13624875306574427,0
2026-02-15T09:48:12.376,-0.1835700815193828,0.15371949884293912,0.23943195098724232,-0.0786737969848879,0.06172871024070279,0.07982659339904785,0.02875962444511727,0.09879152147067159,14.506145230969235,4.8358577339173685,-0.07666899958943409,0.06420174843378768,-0.10690108192994785,0.08951775040915155,0.1394319509872417,0
2026-02-15T09:48:12.473,-0.18088562380967765,0.16097687787075277,0.24214285888712778,-0.07666899958943409,0.06420174843378768,0.09606099128723145,0.027945346739951648,0.07554969952489246,14.4294762313798,4.900059482351156,-0.07470202699390589,0.06648012607540509,-0.10618359681577161,0.09449675179534811,0.14214285888712794,0
2026-02-15T09:48:12.568,-0.17615201954171944,0.17064596796157616,0.24525411387002172,-0.07470202699390589,0.06648012607540509,0.09553647041320801,0.04954761514094819,0.10120836628151834,14.354774204385894,4.966539608426561,-0.07182428737365662,0.06957924793547565,-0.10432773216806268,0.1010667200261004,0.14525411387002155,0
2026-02-15T09:48:12.648,-0.17268843488775154,0.17605110925832346,0.24660755993088967,-0.07182428737365662,0.06957924793547565,0.07976579666137695,0.04342192768000005,0.06776264417809665,14.282949917012237,5.0361188563620365,-0.07002560462304824,0.07138917773147781,-0.10266283026470369,0.104661931526846,0.1466075599308902,0
2026-02-15T09:48:12.744,-0.16856336185085397,0.1812024792572533,0.24748322255748417,-0.07002560462304824,0.07138917773147781,0.0963435173034668,0.0428163010065768,0.0534687765519692,14.21292431238919,5.107508034093514,-0.06811102591477727,0.07321808621397133,-0.10045233593607605,0.10798439304328156,0.14748322255748345,0
2026-02-15T09:48:12.823,-0.1625853456245867,0.1868228274536028,0.2476626000623125,-0.06811102591477727,0.07321808621397133,0.07922220230102539,0.07545884932044969,0.07094410446952122,14.144813286474411,5.180726120307486,-0.06564792002655219,0.07543441254618087,-0.09693742559803376,0.11138841490742202,0.14766260006231208,0
2026-02-15T09:48:12.903,-0.15809274491307512,0.18993970185449083,0.2471242730585636,-0.06564792002655219,0.07543441254618087,0.07972431182861328,0.05635170261700745,0.039095657640651864,14.079165366447858,5.2561605328536665,-0.06397297317516448,0.0768599941655585,-0.09411977173791009,0.11307970768893227,0.1471242730585632,0
2026-02-15T09:48:12.999,-0.15302747156992957,0.19254835049945918,0.24595177237651325,-0.06397297317516448,0.0768599941655585,0.09605169296264648,0.05273486793320115,0.027158799230981013,14.015192393272693,5.333020527019225,-0.06221848701934488,0.07828703515285027,-0.09080898455058417,0.11426131534660922,0.14595177237651316,0
2026-02-15T09:48:13.079,-0.14568708294760846,0.19493947491960828,0.24336418187505723,-0.06221848701934488,0.07828703515285027,0.07949042320251465,0.09234305626503325,0.030080660333853426,13.952973906253348,5.411307562172075,-0.05986381472619664,0.08010195806862404,-0.08582326822141262,0.11483751685098387,0.1433641818750574,0
2026-02-15T09:48:13.159,-0.1398520984074274,0.19586862279821027,0.2406722394166563,-0.05986381472619664,0.08010195806862404,0.07987833023071289,0.07304840403308188,0.011632039326790215,13.893110091527152,5.491409520240699,-0.05810894465701665,0.08138396986414326,-0.08174315375041097,0.11448465293406684,0.1406722394166563,0
2026-02-15T09:48:13.271,-0.1318797635183877,0.19598252819795636,0.23622324903473965,-0.05810894465701665,0.08138396986414326,0.1121525764465332,0.07108472352251642,0.0010156289169192404,13.835001146870136,5.572793490104843,-0.055828443668130695,0.0829649617464768,-0.07605131985025615,0.11301756645147965,0.13622324903473923,0
2026-02-15T09:48:13.350,-0.12366535643612409,0.1949151531972957,0.2308355200752234,-0.055828443668130695,0.0829649617464768,0.07969236373901367,0.10307646425403025,-0.013393692326108507,13.779172703202004,5.6557584518513195,-0.05357293210153477,0.08443897764684474,-0.07009242433458951,0.11047617555045086,0.13083552007522342,0
2026-02-15T09:48:13.430,-0.11689877594912979,0.19325823743328563,0.22586294550949487,-0.05357293210153477,0.08443897764684474,0.07977008819580078,0.08482603742878278,-0.02077114118193091,13.72559977110047,5.740197429498164,-0.051756509101319396,0.08556438374490312,-0.06514226684781121,0.10769385368838247,0.12586294550949526,0
2026-02-15T09:48:13.533,-0.10934827745161257,0.19068006554375572,0.21980885600313246,-0.051756509101319396,0.08556438374490312,0.10255575180053711,0.07362335476027067,-0.025139222757044912,13.673843261999151,5.8257618132430675,-0.049746984466383044,0.08674812699131576,-0.05960129298522965,0.10393193855243954,0.11980885600313214,0
2026-02-15T09:48:13.612,-0.09925821262897117,0.18617189544161405,0.21097906869313204,-0.049746984466383044,0.08674812699131576,0.07931208610534668,0.12721976331878637,-0.056840896810527244,13.624096277532768,5.912509940234384,-0.04704647396720749,0.0882418794408464,-0.05221173866176443,0.09793001600076767,0.1109790686931324,0
2026-02-15T09:48:13.692,-0.09201722682589164,0.18226660228485336,0.20417709063749662,-0.04704647396720749,0.0882418794408464,0.07981252670288086,0.09072492880767499,-0.048930829759330614,13.577049803565561,6.00075181967523,-0.045067361151336194,0.0892688801254672,-0.046949865674555724,0.09299772215938606,0.10417709063749665,0
2026-02-15T09:48:13.788,-0.08342014023418187,0.176975175117291,0.19565053642780125,-0.045067361151336194,0.0892688801254672,0.09588932991027832,0.08965634236628711,-0.055182648293751226,13.531982442414225,6.090020699800697,-0.042637317411580666,0.09045473544234221,-0.04078282282260126,0.08652043967494905,0.09565053642780151,0
2026-02-15T09:48:13.867,-0.073112791329768,0.16977858901698806,0.18485196656954866,-0.042637317411580666,0.09045473544234221,0.07956457138061523,0.12954696701759785,-0.09044963072667644,13.489345125002645,6.180475435243039,-0.03955207655432763,0.09184570343919528,-0.033560714775440204,0.07793288557779299,0.08485196656954878,0
2026-02-15T09:48:13.963,-0.06273368583470607,0.1616785530915985,0.17342280665529675,-0.03955207655432763,0.09184570343919528,0.09583282470703125,0.10830428432837816,-0.08452256259952702,13.449793048448317,6.272321138682234,-0.0361738384037334,0.09322796476991538,-0.026559847430972283,0.06845058832168327,0.07342280665529674,0
2026-02-15T09:48:14.059,-0.054302959862869926,0.15452137152653211,0.16378542581166686,-0.0361738384037334,0.09322796476991538,0.09596776962280273,0.08784955621009795,-0.07457901327911855,13.413619210044583,6.36554910345215,-0.033154940125937504,0.09434378593869075,-0.021148019736932255,0.0601775855878417,0.06378542581166712,0
2026-02-15T09:48:14.146,-0.04377899643994887,0.14491628364914533,0.15138470793302936,-0.033154940125937504,0.09434378593869075,0.08670997619628906,0.12136969567489574,-0.11077258118077833,13.380464269918646,6.45989288939084,-0.028919034846846044,0.0957271613677482,-0.014859961593103321,0.04918912228139671,0.05138470793302911,0
2026-02-15T09:48:14.225,-0.034813004794983726,0.13618516672514858,0.14056438004989769,-0.028919034846846044,0.0957271613677482,0.07878756523132324,0.1137995776191415,-0.11081846352735822,13.3515452350718,6.555620050758589,-0.024766590783970855,0.09688454975350472,-0.010046414011013027,0.03930061697164344,0.04056438004989732,0
2026-02-15T09:48:14.321,-0.02542964388524105,0.1265427808066084,0.12907262359772315,-0.024766590783970855,0.09688454975350472,0.0960235595703125,0.09771936128728684,-0.10041687645915273,13.32677864428783,6.652504600512094,-0.019701810636852685,0.09803998499402986,-0.005727833248387881,0.028502795812578974,0.029072623597723463,0
2026-02-15T09:48:14.400,-0.013852459893080038,0.11397886290206394,0.11481755890775974,-0.019701810636852685,0.09803998499402986,0.07956576347351074,0.14550459251252354,-0.15790608115923238,13.307076833650976,6.750544585506123,-0.012064757363643833,0.0992695402918559,-0.0017877025294357196,0.014709322610207742,0.014817558907759388,0
2026-02-15T09:48:14.480,-0.004994876075272714,0.10389766202650907,0.10401765697025692,-0.012064757363643833,0.0992695402918559,0.0800323486328125,0.11067504539253017,-0.12596407637375853,13.295012076287332,6.849814125797979,-0.0048019501888039665,0.09988463983207953,-0.00019292588646813158,0.004013022194429894,0.0040176569702572214,0
2026-02-15T09:48:14.576,0.0036745917887230917,0.09365811867143137,0.09373017559935366,-0.0048019501888039665,0.09988463983207953,0.09591794013977051,0.09038421646005698,-0.10675316150614539,13.290210126098527,6.949698765630059,0.0036745917887230917,0.09365811867143137,0.0,0.0,0.0,0
2026-02-15T09:48:14.672,0.017515998612390504,0.07658714491197305,0.0785646292752459,0.0036745917887230917,0.09365811867143137,0.09591913223266602,0.14430287786687893,-0.1779725625337201,13.29388471788725,7.04335688430149,0.017515998612390504,0.07658714491197305,0.0,0.0,0.0,0
2026-02-15T09:48:14.752,0.026180594271954405,0.06547122558604102,0.07051173587546235,0.017515998612390504,0.07658714491197305,0.0797128677368164,0.10869757801427142,-0.13944949719577088,13.31140071649964,7.119944029213463,0.026180594271954405,0.06547122558604102,0.0,0.0,0.0,0
2026-02-15T09:48:14.848,0.03512219084000989,0.05366974023056148,0.06414054338574023,0.026180594271954405,0.06547122558604102,0.09560656547546387,0.0935249218878198,-0.12343802224030552,13.337581310771595,7.185415254799504,0.03512219084000989,0.05366974023056148,0.0,0.0,0.0,0
2026-02-15T09:48:14.912,0.04577343166004155,0.0391919202433435,0.06025955242363731,0.03512219084000989,0.05366974023056148,0.06381583213806152,0.16690593013013405,-0.2268687800841667,13.372703501611605,7.2390849950300655,0.04577343166004155,0.0391919202433435,0.0,0.0,0.0,0
2026-02-15T09:48:14.975,0.05254620422659251,0.0297571749741401,0.060387027092450564,0.04577343166004155,0.0391919202433435,0.0638875961303711,0.10601075915785306,-0.14767726195160885,13.418476933271647,7.278276915273409,0.05254620422659251,0.0297571749741401,0.0,0.0,0.0,0
2026-02-15T09:48:15.055,0.05953861648501757,0.019835917460754082,0.06275595967284585,0.05254620422659251,0.0297571749741401,0.07974505424499512,0.08768458840021309,-0.12441219844061596,13.47102313749824,7.308034090247549,0.05953861648501757,0.019835917460754082,0.0,0.0,0.0,0
2026-02-15T09:48:15.136,0.06831827093246723,0.007126540125249825,0.06868896357755584,0.05953861648501757,0.019835917460754082,0.08034181594848633,0.10927876528306267,-0.15819131277357823,13.530561753983257,7.327870007708303,0.06831827093246723,0.007126540125249825,0.0,0.0,0.0,0
2026-02-15T09:48:15.215,0.07650190675577839,-0.004965497685125442,0.07666288479134345,0.06831827093246723,0.007126540125249825,0.07952356338500977,0.10290831390050341,-0.15205603591770916,13.598880024915724,7.334996547833553,0.07650190675577839,-0.004965497685125442,0.0,0.0,0.0,0
2026-02-15T09:48:15.311,0.0875876885323148,-0.021710915429136612,0.09023839000782823,0.07650190675577839,-0.004965497685125442,0.09571313858032227,0.11582298878678231,-0.17495422250685522,13.675381931671502,7.330031050148428,0.0875876885323148,-0.021710915429136612,0.0,0.0,0.0,0
2026-02-15T09:48:15.407,0.09488736250865415,-0.032959814323691106,0.10044879752441509,0.0875876885323148,-0.021710915429136612,0.09592962265014648,0.07609405494026722,-0.11726199461431235,13.762969620203817,7.308320134719291,0.0944634130494104,-0.032812552400818824,0.0004239494592432891,-0.00014726192287195516,0.00044879752441454366,0
2026-02-15T09:48:15.486,0.10390637915628353,-0.047094941628804676,0.11408097631239782,0.0944634130494104,-0.032812552400818824,0.07970905303955078,0.11314921334160431,-0.1773340262629876,13.857433033253228,7.275507582318472,0.09108124992877664,-0.041282028915882105,0.012825129227506338,-0.005812912712922724,0.014080976312397374,0
2026-02-15T09:48:15.566,0.1114400358196228,-0.05909761624761334,0.12614043693292404,0.09108124992877664,-0.041282028915882105,0.07991242408752441,0.09427390983769937,-0.1501978541617344,13.948514283182005,7.23422555340259,0.08834600428638259,-0.04685065129355693,0.02309403153324041,-0.012246964954056416,0.02614043693292422,0
2026-02-15T09:48:15.663,0.11872842896060298,-0.07087474417012452,0.13827389198483403,0.08834600428638259,-0.04685065129355693,0.09612464904785156,0.07582231210385965,-0.1225193333777316,14.036860287468388,7.187374902109033,0.08586467572173727,-0.0512567796803594,0.03286375323886581,-0.019617964489764717,0.0382738919848339,0
2026-02-15T09:48:15.742,0.1276443995380383,-0.08549757231754729,0.15363244320657202,0.08586467572173727,-0.0512567796803594,0.07961487770080566,0.11198874927550245,-0.18366954229805715,14.122724963190125,7.136118122428673,0.0830842736559292,-0.05565072749809001,0.04456012588210889,-0.029846844819457097,0.05363244320657175,0
2026-02-15T09:48:15.822,0.13430353885077828,-0.09657048850471295,0.16541855941181874,0.0830842736559292,-0.05565072749809001,0.08023309707641602,0.08299741073683906,-0.1380093326899688,14.205809236846054,7.080467394930583,0.08119012723138407,-0.05837947618942523,0.05311341161939431,-0.038191012315287765,0.06541855941181884,0
2026-02-15T09:48:15.924,0.14030287925410967,-0.10665492252566366,0.176238958309304,0.08119012723138407,-0.05837947618942523,0.10150957107543945,0.05910122897547093,-0.09934466192804824,14.286999364077438,7.022087918741158,0.07960945786338254,-0.060517222496561454,0.06069342139072731,-0.04613770002910211,0.07623895830930408,0
2026-02-15T09:48:16.020,0.1501852332755238,-0.12348630686149331,0.19443372206568074,0.07960945786338254,-0.060517222496561454,0.09570527076721191,0.10325820032891823,-0.17586684830315516,14.36660882194082,6.961570696244596,0.07724237939794745,-0.0635107457438782,0.07294285387757604,-0.05997556111761515,0.09443372206568054,0
2026-02-15T09:48:16.099,0.15477239880387295,-0.13139034965669705,0.20302196781238774,0.07724237939794745,-0.0635107457438782,0.07956409454345703,0.05765371370931252,-0.09934183051485158,14.443851201338768,6.898059950500718,0.07623431122827944,-0.06471730673900011,0.078538087575593,-0.06667304291769671,0.10302196781238719,0
2026-02-15T09:48:16.196,0.15987321546510458,-0.14024625856347495,0.21266983346070695,0.07623431122827944,-0.06471730673900011,0.09638571739196777,0.05292087665321154,-0.0918798878755443,14.520085512567048,6.833342643761718,0.07517437375275084,-0.06594553457878499,0.08469884171235442,-0.07430072398469001,0.11266983346070748,0
2026-02-15T09:48:16.275,0.1665901396122038,-0.1520138155388313,0.22552267010366694,0.07517437375275084,-0.06594553457878499,0.07935500144958496,0.08464399249449406,-0.14829004801710466,14.595259886319798,6.767397109182933,0.07386846720803131,-0.0674051151793097,0.0927216724041724,-0.08460870035952173,0.1255226701036669,0
2026-02-15T09:48:16.355,0.17009011935736318,-0.15819256956637062,0.23228331358281648,0.07386846720803131,-0.0674051151793097,0.07962679862976074,0.04395479669392658,-0.07759641394436252,14.66912835352783,6.699991994003623,0.07322528542142594,-0.068103286080414,0.09686483393593726,-0.09008928348595635,0.13228331358281628,0
2026-02-15T09:48:16.473,0.17576749932666225,-0.16828288539716674,0.24333792005592586,0.07322528542142594,-0.068103286080414,0.11873745918273926,0.04781456507808096,-0.08498005515906251,14.742353638949256,6.631888707923209,0.0722318573637294,-0.0691560466032136,0.10353564196293341,-0.09912683879395345,0.1433379200559265,0
2026-02-15T09:48:16.553,0.17930668691792562,-0.1746149375034376,0.25028236928080333,0.0722318573637294,-0.0691560466032136,0.07915186882019043,0.04471388539547127,-0.07999876946247982,14.814585496312985,6.562732661319996,0.07164175704152503,-0.06976717457374276,0.10766492987640142,-0.10484776292969489,0.150282369280804,0
2026-02-15T09:48:16.633,0.18231303779117347,-0.18001871200852726,0.25621237367046684,0.07164175704152503,-0.06976717457374276,0.0801243782043457,0.0375210509038908,-0.06744232686970893,14.886227253354509,6.492965486746253,0.07115699963252337,-0.07026152149859174,0.11115603815865072,-0.10975719050993593,0.15621237367046756,0
2026-02-15T09:48:16.744,0.18551973395508803,-0.18580774688605306,0.2625682587245423,0.07115699963252337,-0.07026152149859174,0.11173486709594727,0.028699154053326542,-0.05181046013644719,14.957384252987032,6.422703965247662,0.07065581150451049,-0.07076550219308195,0.11486392245057786,-0.11504224469297153,0.16256825872454284,0
2026-02-15T09:48:16.824,0.18769960578383582,-0.18975778371518004,0.26690664752288285,0.07065581150451049,-0.07076550219308195,0.07965779304504395,0.027365455976355563,-0.04958757552940689,15.028040064491542,6.35193846305458,0.07032406555844349,-0.07109518832756365,0.11737554022539243,-0.11866259538761614,0.16690664752288273,0
2026-02-15T09:48:16.904,0.18915171078519144,-0.19239564830276468,0.2698044758316767,0.07032406555844349,-0.07109518832756365,0.07967972755432129,0.0182242716676667,-0.0331058434629597,15.098364130049985,6.280843274727016,0.0701069580858984,-0.07130928710863745,0.11904475269929371,-0.12108636119412708,0.16980447583167707,0
2026-02-15T09:48:16.984,0.19026836949996806,-0.1944277121464557,0.2720371071796666,0.0701069580858984,-0.07130928710863745,0.08015203475952148,0.013931757542112408,-0.025352617058166944,15.168471088135883,6.209533987618379,0.06994206469572019,-0.07147102620013017,0.120326304804248,-0.1229566859463258,0.1720371071796669,0
2026-02-15T09:48:17.086,0.19094098023231787,-0.19565320169842249,0.2733836741045851,0.06994206469572019,-0.07147102620013017,0.10209107398986816,0.0065883402540809965,-0.012003885394411617,15.238413152831603,6.138062961418249,0.06984359283988256,-0.0715672588493978,0.12109738739243525,-0.12408594284902463,0.17338367410458502,0
2026-02-15T09:48:17.165,0.1911538043205514,-0.19604119810495835,0.2738100222063597,0.06984359283988256,-0.0715672588493978,0.07927894592285156,0.0026844969462716706,-0.0048940661611902815,15.308256745671486,6.066495702568851,0.06981256667679112,-0.07159752463597184,0.12134123764375992,-0.12444367346898666,0.17381002220635955,0
2026-02-15T09:48:17.245,0.1907940854729695,-0.19538546542737922,0.27308947828823504,0.06981256667679112,-0.07159752463597184,0.08003616333007812,-0.0044944539145183844,0.008192954913078587,15.378069312348277,5.994898177932879,0.06986504447878947,-0.07154631758502158,0.12092904099418078,-0.12383914784235728,0.1730894782882353,0
2026-02-15T09:48:17.341,0.19003467338949243,-0.19400218266629565,0.27156955641149805,0.06986504447878947,-0.07154631758502158,0.09600710868835449,-0.007909956813116579,0.014408128522793029,15.447934356827066,5.923351860347857,0.06997642736564359,-0.07143738246283109,0.12005824602384862,-0.12256480020346494,0.17156955641149815,0
2026-02-15T09:48:17.453,0.18751055443333442,-0.18941474320513763,0.2665298350417167,0.06997642736564359,-0.07143738246283109,0.11168980598449707,-0.02259936736310888,0.04107303635028948,15.51791078419271,5.8519144778850265,0.07035255711766214,-0.07106699449819223,0.11715799731567245,-0.11834774870694531,0.16652983504171673,0
2026-02-15T09:48:17.533,0.18576204823509457,-0.1862462453763385,0.26304980988641846,0.07035255711766214,-0.07106699449819223,0.07966136932373047,-0.021949236036029152,0.03977458403863092,15.588263341310372,5.780847483386834,0.07061858296544835,-0.07080265348101078,0.11514346526964658,-0.11544359189532738,0.16304980988641848,0
2026-02-15T09:48:17.635,0.18358880136916866,-0.1823187435786764,0.2587372649006618,0.07061858296544835,-0.07080265348101078,0.10225033760070801,-0.021254177902204362,0.038410648706111536,15.65888192427582,5.710044829905823,0.07095568604686874,-0.07046481829692174,0.11263311532229991,-0.11185392528175431,0.1587372649006615,0
2026-02-15T09:48:17.715,0.1797039116500727,-0.17532761596916036,0.25106427221683,0.07095568604686874,-0.07046481829692174,0.07955265045166016,-0.04883419593237298,0.08788051145780698,15.729837610322688,5.639580011608901,0.07157685562479103,-0.0698337578744537,0.10812705602528183,-0.10549385809470646,0.15106427221682994,0
2026-02-15T09:48:17.794,0.1766446654437246,-0.169849261795461,0.2450553193917415,0.07157685562479103,-0.0698337578744537,0.07958173751831055,-0.03844156086243072,0.06883933857863891,15.80141446594748,5.569746253734447,0.07208358744555277,-0.06931057943041126,0.10456107799817183,-0.10053868236505004,0.1450553193917417,0
2026-02-15T09:48:17.890,0.17319178270009772,-0.16369478972100904,0.23830941604696032,0.07208358744555277,-0.06931057943041126,0.09604024887084961,-0.03595245518647235,0.06408221705806083,15.873498053393032,5.500435674304036,0.07267517397045245,-0.06869002175254041,0.10051660872964518,-0.09500476796846868,0.1383094160469603,0
2026-02-15T09:48:17.970,0.16805101588503035,-0.15458890814051163,0.22833938438225296,0.07267517397045245,-0.06869002175254041,0.07980465888977051,-0.06441687598925779,0.11410213021616733,15.946173227363484,5.431745652551496,0.0735970346682303,-0.06770137729797901,0.09445398121680171,-0.08688753084253253,0.12833938438225412,0
2026-02-15T09:48:18.066,0.16162802332852877,-0.1433090145827336,0.21601178575661464,0.0735970346682303,-0.06770137729797901,0.09592294692993164,-0.0669599169132424,0.11759327584063486,16.019770262031713,5.364044275253517,0.07482370592067542,-0.06634314608379892,0.08680431740785366,-0.0769658684989345,0.11601178575661476,0
2026-02-15T09:48:18.184,0.15621783623078045,-0.1338927762225488,0.20574568739394872,0.07482370592067542,-0.06634314608379892,0.11805987358093262,-0.04582579104694297,0.07975816062287883,16.094593967952388,5.297701129169718,0.07592763581560012,-0.06507683243254546,0.08029020041518109,-0.06881594379000333,0.10574568739394928,0
2026-02-15T09:48:18.264,0.14885234428048122,-0.12120040626074768,0.19195457503160793,0.07592763581560012,-0.06507683243254546,0.0795292854309082,-0.09261358140452637,0.1595936628001987,16.170521603767988,5.232624296737172,0.0775456090358725,-0.06314014981971146,0.07130673524460818,-0.05806025644103663,0.09195457503160775,0
2026-02-15T09:48:18.343,0.14399047787904706,-0.11290382610672545,0.18297686102175334,0.0775456090358725,-0.06314014981971146,0.07955765724182129,-0.06111123140109769,0.10428386709282021,16.24806721280386,5.169484146917461,0.07869327141967347,-0.06170388183307113,0.06529720645937331,-0.051199944273654374,0.08297686102175315,0
2026-02-15T09:48:18.439,0.1375023850098991,-0.10193480735600069,0.17116544871590028,0.07869327141967347,-0.06170388183307113,0.09606051445007324,-0.06754172519573706,0.11418863217129474,16.326760484223534,5.10778026508439,0.08033302634465966,-0.05955337839542119,0.05716935866523798,-0.042381428960579726,0.07116544871589925,0
2026-02-15T09:48:18.519,0.12955253453761273,-0.08865734703579786,0.1569840259024632,0.08033302634465966,-0.05955337839542119,0.0798349380493164,-0.09957858885511377,0.16631140005395817,16.407093510568195,5.048226886688969,0.08252593459292852,-0.05647539393013284,0.047026599944683056,-0.03218195310566507,0.056984025902462265,0
2026-02-15T09:48:18.599,0.12305851876569562,-0.07794708803109618,0.14566793598226935,0.08252593459292852,-0.05647539393013284,0.07968330383300781,-0.081497822750003,0.13441032800481212,16.489619445161125,4.991751492758836,0.08447879619896191,-0.05351012047056387,0.03857972256673392,-0.024436967560532707,0.04566793598226973,0
2026-02-15T09:48:18.695,0.11591127179784166,-0.0663035430257839,0.13353494953593648,0.08447879619896191,-0.05351012047056387,0.09643411636352539,-0.07411533632880664,0.12074093115988008,16.574098241360087,4.938241372288273,0.08680219837627454,-0.04965257653985222,0.029109073421565768,-0.016650966485931562,0.033534949535935235,0
2026-02-15T09:48:18.775,0.1067189017944088,-0.05155531474402952,0.11851951096153163,0.08680219837627454,-0.04965257653985222,0.07935047149658203,-0.11584518440862479,0.185861885929558,16.660900439736363,4.88858879574842,0.09004331938987413,-0.04349943256242683,0.016675582404534595,-0.008055882181603025,0.0185195109615317,0
2026-02-15T09:48:18.877,0.09669357266518475,-0.035769867366703956,0.10309767410659154,0.09004331938987413,-0.04349943256242683,0.10196661949157715,-0.09831971658187785,0.1548099511000216,16.750943759126237,4.845089363185994,0.09378831627686804,-0.03469512544940819,0.002905256388316957,-0.0010747419172956185,0.00309767410659171,0
2026-02-15T09:48:18.972,0.08901880838457998,-0.02390256244365485,0.0921720171070558,0.09378831627686804,-0.03469512544940819,0.09578514099121094,-0.08012478972400305,0.12389505094676455,16.844732075403105,4.810394237736586,0.08901880838457998,-0.02390256244365485,0.0,0.0,0.0,0
2026-02-15T09:48:19.052,0.07848418814361935,-0.007929311922623583,0.07888372313810563,0.08901880838457998,-0.02390256244365485,0.07987403869628906,-0.131890416622317,0.19998050407551737,16.933750883787685,4.786491675292931,0.07848418814361935,-0.007929311922623583,0.0,0.0,0.0,0
2026-02-15T09:48:19.132,0.06992832604681709,0.004766018806210859,0.07009055370712314,0.07848418814361935,-0.007929311922623583,0.07944703102111816,-0.10769265996268616,0.15979616312483522,17.012235071931304,4.778562363370307,0.06992832604681709,0.004766018806210859,0.0,0.0,0.0,0
2026-02-15T09:48:19.244,0.058432790856358,0.021416938691012355,0.062234044623159894,0.06992832604681709,0.004766018806210859,0.11255955696105957,-0.1021284687042258,0.14792986339278102,17.08216339797812,4.783328382176518,0.058432790856358,0.021416938691012355,0.0,0.0,0.0,0
2026-02-15T09:48:19.324,0.048466621156176615,0.03546111171882593,0.060054173965107545,0.058432790856358,0.021416938691012355,0.07979822158813477,-0.1248921279426515,0.17599606542988186,17.14059618883448,4.80474532086753,0.048466621156176615,0.03546111171882593,0.0,0.0,0.0,0
2026-02-15T09:48:19.402,0.04048091188858649,0.04644173994485268,0.06160794945814077,0.048466621156176615,0.03546111171882593,0.07832574844360352,-0.10195509683945163,0.14019180721819813,17.189062809990656,4.840206432586356,0.04048091188858649,0.04644173994485268,0.0,0.0,0.0,0
2026-02-15T09:48:19.466,0.03203620489241743,0.05777983239454443,0.06606684081633234,0.04048091188858649,0.04644173994485268,0.06376314163208008,-0.1324386907548548,0.17781577506192708,17.229543721879242,4.886648172531209,0.03203620489241743,0.05777983239454443,0.0,0.0,0.0,0
2026-02-15T09:48:19.562,0.023196567854732564,0.06933567086664283,0.07311303587436808,0.03203620489241743,0.05777983239454443,0.09591174125671387,-0.09216428480872865,0.12048408589693378,17.26157992677166,4.944428004925753,0.023196567854732564,0.06933567086664283,0.0,0.0,0.0,0
2026-02-15T09:48:19.642,0.01411902768767348,0.08085640782357206,0.08207987347076685,0.023196567854732564,0.06933567086664283,0.08025145530700684,-0.1131137140420993,0.14355798175691584,17.284776494626392,5.013763675792396,0.01411902768767348,0.08085640782357206,0.0,0.0,0.0,0
2026-02-15T09:48:19.722,0.004315186561161255,0.09288736151292021,0.09298754090677716,0.01411902768767348,0.08085640782357206,0.07912778854370117,-0.1238988389154551,0.15204460924247387,17.298895522314066,5.094620083615968,0.004315186561161255,0.09288736151292021,0.0,0.0,0.0,0
2026-02-15T09:48:19.802,-0.004384025291191307,0.10318804208771315,0.10328112948476825,0.004315186561161255,0.09288736151292021,0.08038210868835449,-0.10822323517388487,0.12814643386290353,17.303210708875227,5.1875074451288885,-0.0042447495617656435,0.09990986988860456,-0.00013927572942407096,0.003278172199108198,0.0032811294847677813,0
2026-02-15T09:48:19.898,-0.013902897760818433,0.11403513097360207,0.11487950932309186,-0.0042447495617656435,0.09990986988860456,0.09555768966674805,-0.0996138824915467,0.11351351130105303,17.29896595931346,5.2874173150174935,-0.012102156287695617,0.09926498785164983,-0.0018007414731222582,0.014770143121952017,0.014879509323091572,0
2026-02-15T09:48:19.989,-0.02444515000163605,0.12550243107570225,0.12786096184728896,-0.012102156287695617,0.09926498785164983,0.09189152717590332,-0.11472496501921353,0.12479170228772997,17.286863803025764,5.3866823028691435,-0.019118540677671558,0.0981553941582235,-0.00532660932396567,0.02734703691747864,0.02786096184728908,0
2026-02-15T09:48:20.069,-0.03490451485958701,0.1362767111746921,0.14067575187705086,-0.019118540677671558,0.0981553941582235,0.07979059219360352,-0.1310851889978759,0.13503196057057928,17.267745262348093,5.484837697027367,-0.02481203362615982,0.09687292184782245,-0.01009248123342843,0.03940378932686972,0.04067575187705123,0
2026-02-15T09:48:20.165,-0.04364106329515849,0.1447856843202322,0.1512198293531968,-0.02481203362615982,0.09687292184782245,0.09575128555297852,-0.09124210066858693,0.08886536714780874,17.242933228721935,5.5817106188751895,-0.028859352296469125,0.0957451710794246,-0.0147817109986903,0.049040513240807826,0.05121982935319728,0
2026-02-15T09:48:20.261,-0.056620084876378485,0.15653772794353404,0.16646289160390126,-0.028859352296469125,0.0957451710794246,0.09599518775939941,-0.13520491895646247,0.12242325784868457,17.214073876425466,5.677455789954614,-0.03401363771278591,0.0940376118877088,-0.022606447163592946,0.0625001160558254,0.06646289160390152,0
2026-02-15T09:48:20.341,-0.06475206254036436,0.1633170415332028,0.17568518906950908,-0.03401363771278591,0.0940376118877088,0.07973265647888184,-0.10199055221670347,0.08502555777085329,17.18006023871268,5.7714934018423225,-0.03685687045294723,0.09296005109946243,-0.027895192087417087,0.07035699043374066,0.07568518906950931,0
2026-02-15T09:48:20.437,-0.07348030386766169,0.17005019292889578,0.18524692486418926,-0.03685687045294723,0.09296005109946243,0.09579992294311523,-0.0911090641740917,0.07028347402420178,17.143203368259734,5.864453452941785,-0.03966613962500731,0.09179649975488947,-0.03381416424265282,0.07825369317400632,0.08524692486418865,0
2026-02-15T09:48:20.516,-0.08361446358963676,0.17710218348150875,0.19584831353703477,-0.03966613962500731,0.09179649975488947,0.07979416847229004,-0.1270037637586804,0.08837726725684088,17.103537228634725,5.956249952696674,-0.04269348154168574,0.09042824024523391,-0.04092098204795036,0.08667394323627509,0.09584831353703471,0
2026-02-15T09:48:20.596,-0.09145474137396548,0.18194148362640217,0.20363367399316668,-0.04269348154168574,0.09042824024523391,0.07988548278808594,-0.09814396196523974,0.060577967059806656,17.06084374709304,6.046678192941908,-0.04491140368907474,0.08934744438805714,-0.046543337684891384,0.09259403923834508,0.103633673993167,0
2026-02-15T09:48:20.692,-0.09952005629405036,0.18630306135945673,0.2112180680639714,-0.04491140368907474,0.08934744438805714,0.09574723243713379,-0.08423548874251226,0.045553042339039035,17.015932343403964,6.136025637329965,-0.04711720791987778,0.0882041309567472,-0.05240284837417164,0.09809893040270978,0.11121806806397115,0
2026-02-15T09:48:20.772,-0.10894360961507488,0.19052178122712782,0.2194704062007436,-0.04711720791987778,0.0882041309567472,0.07993459701538086,-0.11789079663729651,0.05277714563143823,16.968815135484085,6.224229768286712,-0.049639316526086504,0.08680978202266722,-0.05930429308898866,0.10371199920446017,0.11947040620074335,0
2026-02-15T09:48:20.852,-0.11601969563248815,0.192996027658781,0.22518444987770392,-0.049639316526086504,0.08680978202266722,0.0798943042755127,-0.08856809107457324,0.030968996527222008,16.919175818958,6.3110395503093795,-0.05152207254785916,0.08570575266791103,-0.06449762308463036,0.10729027499086996,0.1251844498777046,0
2026-02-15T09:48:20.964,-0.12473248687801686,0.1951151088865224,0.23157741469878737,-0.05152207254785916,0.08570575266791103,0.11167597770690918,-0.07801849085570765,0.018975264611543224,16.86765374641014,6.3967453029772905,-0.05386211217542797,0.08425480919212633,-0.07087037470259006,0.11086029969439615,0.13157741469878806,0
2026-02-15T09:48:21.044,-0.13321212904593693,0.1960476175438597,0.23702350024749622,-0.05386211217542797,0.08425480919212633,0.08033919334411621,-0.10554801230825525,0.011607144888088278,16.813791634234715,6.481000112169417,-0.05620207654803803,0.08271231221340915,-0.07701005249789716,0.11333530533045089,0.13702350024749552,0
2026-02-15T09:48:21.123,-0.14007378848731733,0.1958472575224608,0.2407837504904739,-0.05620207654803803,0.08271231221340915,0.07931637763977051,-0.08650999510522087,-0.00252608638166589,16.757589557686675,6.5637124243828255,-0.05817410361039254,0.08133740633390836,-0.08189968487692312,0.1145098511885525,0.14078375049047298,0
2026-02-15T09:48:21.219,-0.1452970657148569,0.19502647085749736,0.2432006612665305,-0.05817410361039254,0.08133740633390836,0.09601426124572754,-0.054401056257379635,-0.008548591160461165,16.69941545407628,6.645049830716734,-0.05974369681323429,0.08019158740845789,-0.08555336890162124,0.11483488344903936,0.14320066126652958,0
2026-02-15T09:48:21.299,-0.15223976033764686,0.19287854166886476,0.24572154253132172,-0.05974369681323429,0.08019158740845789,0.07936882972717285,-0.0874738187101308,-0.02706262894408324,16.639671757263045,6.725241418125192,-0.06195621221051106,0.0784947626821441,-0.09028354812713602,0.11438377898672059,0.1457215425313218,0
2026-02-15T09:48:21.379,-0.15774349485059957,0.19014840040177194,0.24706158006261053,-0.06195621221051106,0.0784947626821441,0.08002734184265137,-0.06877317659474537,-0.034115106215332966,16.577715545052534,6.803736180807336,-0.06384784506381935,0.07696397001653774,-0.09389564978678067,0.11318443038523451,0.14706158006261105,0
2026-02-15T09:48:21.475,-0.16252266118663883,0.18687222642761103,0.2476587256875867,-0.06384784506381935,0.07696397001653774,0.09586048126220703,-0.049855438582316385,-0.034176481601418195,16.513867699988715,6.880700150823873,-0.06562363620963461,0.07545553903210508,-0.09689902497700587,0.11141668739550603,0.14765872568758787,0
2026-02-15T09:48:21.555,-0.16816517697016664,0.18163862371792572,0.2475320512005459,-0.06562363620963461,0.07545553903210508,0.07997751235961914,-0.07055127894146322,-0.06543842831910554,16.448244063779082,6.956155689855978,-0.0679367282558178,0.07337984024168469,-0.10022844871435055,0.1082587834762414,0.14753205120054733,0
2026-02-15T09:48:21.650,-0.17323522804682412,0.17527113073582523,0.24643541447172299,-0.0679367282558178,0.07337984024168469,0.09587621688842773,-0.05288121748230382,-0.06641368619613362,16.380307335523266,7.029535530097663,-0.07029640135862122,0.07112254182766276,-0.10293882668820231,0.10414858890816259,0.14643541447172265,0
2026-02-15T09:48:21.753,-0.17691078872426047,0.16929814397034093,0.24486585862231225,-0.07029640135862122,0.07112254182766276,0.10210537910461426,-0.03599771833441289,-0.05849825756353687,16.310010934164644,7.100658071925325,-0.07224804214013865,0.06913913802555505,-0.10466274658412189,0.10015900594478566,0.14486585862231213,0
2026-02-15T09:48:21.832,-0.18092275355789766,0.16088717438340172,0.24211097793377087,-0.07224804214013865,0.06913913802555505,0.07914257049560547,-0.05069288005827363,-0.10627617392596875,16.237762892024506,7.169797209950881,-0.07472719952723038,0.06645182955207103,-0.10619555403066627,0.09443534483133043,0.14211097793376995,0
2026-02-15T09:48:21.911,-0.1836922177389777,0.15334601667561287,0.2392860875356972,-0.07472719952723038,0.06645182955207103,0.07967329025268555,-0.034760258705227615,-0.09465101395802665,16.163035692497274,7.236249039502952,-0.07676677722083368,0.06408480252857844,-0.10692544051814501,0.0892612141470348,0.13928608753569818,0
2026-02-15T09:48:22.007,-0.18625415389631605,0.14427840796275682,0.23559895765452843,-0.07676677722083368,0.06408480252857844,0.09601879119873047,-0.02668161226937238,-0.09443577241134801,16.08626891527644,7.30033384203153,-0.07905559334835031,0.06123898399173739,-0.10719856054796573,0.08303942397101949,0.13559895765452845,0
2026-02-15T09:48:22.087,-0.1882277603639242,0.13481866360526773,0.2315291813744635,-0.07905559334835031,0.06123898399173739,0.07988500595092773,-0.024705593297702135,-0.11841702012640618,16.00721332192809,7.361572826023267,-0.08129763999791206,0.0582296636669824,-0.10693012036601246,0.07658899993828516,0.13152918137446365,0
2026-02-15T09:48:22.167,-0.18959804764427268,0.125584494182716,0.22741786396334068,-0.08129763999791206,0.0582296636669824,0.07955598831176758,-0.017224187762944366,-0.11607133062522525,15.92591568193018,7.41980248969025,-0.08336990082486903,0.05522191264753062,-0.1062281468194044,0.0703625815351856,0.12741786396334143,0
2026-02-15T09:48:22.247,-0.19053746547423422,0.11595238853366485,0.22304591938882667,-0.08336990082486903,0.05522191264753062,0.0800631046295166,-0.011733467423085786,-0.12030642196081054,15.842545781105311,7.47502440233778,-0.08542521916398667,0.05198588203334484,-0.10511224631024696,0.06396650650031965,0.12304591938882599,0
2026-02-15T09:48:22.365,-0.19112419638144473,0.10333198697630852,0.21726932129254936,-0.08542521916398667,0.05198588203334484,0.11786389350891113,-0.004978037715733095,-0.10707606190187635,15.757120561941324,7.5270102843711255,-0.08796649027319386,0.04755940063768773,-0.10315770610825048,0.05577258633862048,0.11726932129254886,0
2026-02-15T09:48:22.444,-0.191028740684148,0.08898261918360983,0.21073653286544028,-0.08796649027319386,0.04755940063768773,0.07956767082214355,0.0011996794214337771,-0.18034168456147998,15.66915407166813,7.574569685008814,-0.09064813684019557,0.04222458155389086,-0.10038060384395209,0.04675803762971853,0.11073653286543977,0
2026-02-15T09:48:22.524,-0.1904279435464158,0.07735139089237197,0.2055384133350782,-0.09064813684019557,0.04222458155389086,0.07997441291809082,0.00751236696601365,-0.14543686995427493,15.578505934827934,7.616794266562705,-0.09264834755534061,0.03763354481396632,-0.09777959599107433,0.039717846078406005,0.10553841333507753,0
2026-02-15T09:48:22.620,-0.18949238356349873,0.0665815700368384,0.20084936867500117,-0.09264834755534061,0.03763354481396632,0.09579968452453613,0.009765793985234273,-0.11242021212267371,15.485857587272593,7.654427811376671,-0.09434552113037536,0.03315000215140109,-0.09514686243312376,0.03343156788543755,0.10084936867500162,0
2026-02-15T09:48:22.700,-0.18762461300607036,0.051573727971406136,0.1945837732765666,-0.09434552113037536,0.03315000215140109,0.07975244522094727,0.023419602399072217,-0.18818033759158523,15.391512066142218,7.687577813528072,-0.09642356597710489,0.026504639674194804,-0.09120104702896548,0.02506908829721155,0.09458377327656664,0
